1d/1d_Machine/stage1/impeller/blade/hubSect/beta2b,1d/1d_Machine/stage1/impeller/blade/tipSect/beta2b,1d/1d_Machine/stage1/impeller/in/phi,1d/1d_Machine/stage1/impeller/blade/numMainBlades,1d/1d_Machine/stage1/impeller/blade/LE/clr,1d/1d_Machine/stage1/impeller/blade/TE/clr,1d/1d_Machine/stage1/impeller/in/Rs,1d/1d_Machine/stage1/impeller/in/Rh,1d/1d_Machine/stage1/impeller/out/Ra,1d/1d_Machine/stage1/impeller/out/b,1d/1d_Machine/stage1/volute/throatArea,1d/1d_Machine/stage1/volute/exitPipeDiameter,1d/1d_Machine/stage1/vaneless/Rpin_Rin,1d/1d_Machine/stage1/vaneless/Bpin_Bin,1d/1d_Machine/stage1/vaneless/Rout_Rin,1d/1d_Machine/stage1/vaneless/Bout_Bin,1d/SolverSetting/opCondition/dp/RPM,1d/SolverSetting/opCondition/dp/minlet,Object Parameter Unit
8.19,-23.56,1.86,8.0,0.000194,0.000211,0.0192921,0.004613,0.037601,0.004785,0.000641,0.032282,1.5957257086068293,0.8901007799569136,2.124624345097205,0.6096133751306164,41550.966007,0.562875,Run1_para_study_od1
-34.91,-0.58,0.82,9.0,0.000248,0.000308,0.0183131,0.003634,0.036018,0.004984,0.000658,0.026678,1.3729212565050561,0.936794956678609,1.704009106557832,0.7754815409309792,42276.183746,1.185274,Run1_para_study_od2
-17.85,-44.3,5.31,7.0,0.000293,0.000398,0.0189501,0.004271,0.038703,0.004865,0.000488,0.023164,1.3032119988205684,0.8530804678444598,1.5724104074619538,0.4781089414182939,41445.826844,0.85422,Run1_para_study_od3
2.19,-39.12,-4.73,7.0,0.000316,0.000376,0.0194581,0.004779,0.037713,0.004038,0.000763,0.027889,1.231728302411554,0.9597040680651364,1.4374618831702595,0.8568598315998018,34853.003549,0.42501,Run1_para_study_od4
-57.35,9.14,-0.86,7.0,0.000136,0.000342,0.0199931,0.005314,0.036397,0.004965,0.000701,0.037805,1.3592288570319526,0.8420347570696606,1.678160287935819,0.43887210473313193,36382.046888,0.55254,Run1_para_study_od5
